{
    "decision_tree": {
        "accuracy": 0.945,
        "precision": 0.9470858585858585,
        "recall": 0.945,
        "f1_score": 0.9448743441038389,
        "confusion_matrix": [
            [
                88,
                9
            ],
            [
                2,
                101
            ]
        ],
        "classification_report": {
            "0": {
                "precision": 0.9777777777777777,
                "recall": 0.9072164948453608,
                "f1-score": 0.9411764705882353,
                "support": 97.0
            },
            "1": {
                "precision": 0.9181818181818182,
                "recall": 0.9805825242718447,
                "f1-score": 0.9483568075117371,
                "support": 103.0
            },
            "accuracy": 0.945,
            "macro avg": {
                "precision": 0.9479797979797979,
                "recall": 0.9438995095586027,
                "f1-score": 0.9447666390499863,
                "support": 200.0
            },
            "weighted avg": {
                "precision": 0.9470858585858585,
                "recall": 0.945,
                "f1-score": 0.9448743441038389,
                "support": 200.0
            }
        }
    },
    "random_forest": {
        "accuracy": 1.0,
        "precision": 1.0,
        "recall": 1.0,
        "f1_score": 1.0,
        "confusion_matrix": [
            [
                97,
                0
            ],
            [
                0,
                103
            ]
        ],
        "classification_report": {
            "0": {
                "precision": 1.0,
                "recall": 1.0,
                "f1-score": 1.0,
                "support": 97.0
            },
            "1": {
                "precision": 1.0,
                "recall": 1.0,
                "f1-score": 1.0,
                "support": 103.0
            },
            "accuracy": 1.0,
            "macro avg": {
                "precision": 1.0,
                "recall": 1.0,
                "f1-score": 1.0,
                "support": 200.0
            },
            "weighted avg": {
                "precision": 1.0,
                "recall": 1.0,
                "f1-score": 1.0,
                "support": 200.0
            }
        }
    },
    "svm": {
        "accuracy": 0.925,
        "precision": 0.9282873376623377,
        "recall": 0.925,
        "f1_score": 0.9247454431175361,
        "confusion_matrix": [
            [
                85,
                12
            ],
            [
                3,
                100
            ]
        ],
        "classification_report": {
            "0": {
                "precision": 0.9659090909090909,
                "recall": 0.8762886597938144,
                "f1-score": 0.918918918918919,
                "support": 97.0
            },
            "1": {
                "precision": 0.8928571428571429,
                "recall": 0.970873786407767,
                "f1-score": 0.9302325581395349,
                "support": 103.0
            },
            "accuracy": 0.925,
            "macro avg": {
                "precision": 0.9293831168831169,
                "recall": 0.9235812231007907,
                "f1-score": 0.9245757385292269,
                "support": 200.0
            },
            "weighted avg": {
                "precision": 0.9282873376623377,
                "recall": 0.925,
                "f1-score": 0.9247454431175361,
                "support": 200.0
            }
        }
    },
    "logistic_regression": {
        "accuracy": 0.83,
        "precision": 0.84584,
        "recall": 0.83,
        "f1_score": 0.827329661362709,
        "confusion_matrix": [
            [
                69,
                28
            ],
            [
                6,
                97
            ]
        ],
        "classification_report": {
            "0": {
                "precision": 0.92,
                "recall": 0.711340206185567,
                "f1-score": 0.8023255813953488,
                "support": 97.0
            },
            "1": {
                "precision": 0.776,
                "recall": 0.941747572815534,
                "f1-score": 0.8508771929824561,
                "support": 103.0
            },
            "accuracy": 0.83,
            "macro avg": {
                "precision": 0.8480000000000001,
                "recall": 0.8265438895005506,
                "f1-score": 0.8266013871889024,
                "support": 200.0
            },
            "weighted avg": {
                "precision": 0.84584,
                "recall": 0.83,
                "f1-score": 0.827329661362709,
                "support": 200.0
            }
        }
    },
    "knn": {
        "accuracy": 1.0,
        "precision": 1.0,
        "recall": 1.0,
        "f1_score": 1.0,
        "confusion_matrix": [
            [
                97,
                0
            ],
            [
                0,
                103
            ]
        ],
        "classification_report": {
            "0": {
                "precision": 1.0,
                "recall": 1.0,
                "f1-score": 1.0,
                "support": 97.0
            },
            "1": {
                "precision": 1.0,
                "recall": 1.0,
                "f1-score": 1.0,
                "support": 103.0
            },
            "accuracy": 1.0,
            "macro avg": {
                "precision": 1.0,
                "recall": 1.0,
                "f1-score": 1.0,
                "support": 200.0
            },
            "weighted avg": {
                "precision": 1.0,
                "recall": 1.0,
                "f1-score": 1.0,
                "support": 200.0
            }
        }
    }
}